{"cameraMode":{"drawMode":0,"name":"Shaded","section":"Shading Mode"},"sceneLighting":true,"audioPlay":false,"sceneViewState":{"m_AlwaysRefresh":false,"showFog":true,"showSkybox":true,"showFlares":true,"showImageEffects":true,"showParticleSystems":true,"showVisualEffectGraphs":true,"m_FxEnabled":true},"in2DMode":false,"pivot":{"x":5.563638210296631,"y":16.855152130126954,"z":-2.8052072525024416},"rotation":{"x":0.672357976436615,"y":0.003331094980239868,"z":-0.003025726182386279,"w":0.7402136921882629},"size":14.991040229797364,"orthographic":false}