{"cameraMode":{"drawMode":0,"name":"Shaded","section":"Shading Mode"},"sceneLighting":true,"audioPlay":false,"sceneViewState":{"m_AlwaysRefresh":false,"showFog":true,"showSkybox":true,"showFlares":true,"showImageEffects":true,"showParticleSystems":true,"showVisualEffectGraphs":true,"m_FxEnabled":true},"in2DMode":false,"pivot":{"x":-2.1689250469207765,"y":8.891181945800782,"z":-13.372257232666016},"rotation":{"x":0.3934616446495056,"y":-0.004136722069233656,"z":0.0017703643534332514,"w":0.9193307161331177},"size":14.991040229797364,"orthographic":false}