{"cameraMode":{"drawMode":0,"name":"Shaded","section":"Shading Mode"},"sceneLighting":false,"audioPlay":false,"sceneViewState":{"m_AlwaysRefresh":false,"showFog":true,"showSkybox":false,"showFlares":true,"showImageEffects":true,"showParticleSystems":true,"showVisualEffectGraphs":true,"m_FxEnabled":true},"in2DMode":false,"pivot":{"x":-0.02284964919090271,"y":1.1100000143051148,"z":-1.4710875749588013},"rotation":{"x":0.7207526564598084,"y":-0.0031193208415061237,"z":0.0032434097956866028,"w":0.6931776404380798},"size":4.229546070098877,"orthographic":true}