{"cameraMode":{"drawMode":0,"name":"Shaded","section":"Shading Mode"},"sceneLighting":false,"audioPlay":false,"sceneViewState":{"m_AlwaysRefresh":false,"showFog":true,"showSkybox":false,"showFlares":true,"showImageEffects":true,"showParticleSystems":true,"showVisualEffectGraphs":true,"m_FxEnabled":true},"in2DMode":false,"pivot":{"x":0.3005034625530243,"y":1.2213435173034669,"z":-0.16680261492729188},"rotation":{"x":0.30424049496650698,"y":-0.6696783304214478,"z":0.35196614265441897,"w":0.5788710713386536},"size":0.4110952615737915,"orthographic":false}