{"cameraMode":{"drawMode":0,"name":"Shaded","section":"Shading Mode"},"sceneLighting":false,"audioPlay":false,"sceneViewState":{"m_AlwaysRefresh":false,"showFog":true,"showSkybox":false,"showFlares":true,"showImageEffects":true,"showParticleSystems":true,"showVisualEffectGraphs":true,"m_FxEnabled":true},"in2DMode":false,"pivot":{"x":-0.44982844591140749,"y":0.28981855511665347,"z":-1.2471619844436646},"rotation":{"x":0.12464389204978943,"y":-0.7287179827690125,"z":0.13780368864536286,"w":0.6591266989707947},"size":2.612421989440918,"orthographic":false}